INSERT INTO Bank.Cuenta_Habiente
  VALUES('24918319','Ennio Gonzalez','Vargas','La Guaira','19960805'),
        ('23423418595','Karla Tovar','Carabobo','Guigue','19901212'),
        ('23443797891878','Angel Lozada','Carabobo','Santa Rosa','20001101'),
        ('24232498295','Cesar de la Vega','Carabobo','Valencia','19890321'),
        ('22402581','LUZ ORTIZ','Carabobo','Valencia','19890321');

INSERT INTO Bank.Cuenta_Habiente(cedula,nombre,nacimiento)
  VALUES('2115344369','Jeremi Sevilla','19970509'),
        ('25425342087','Leonardo Gomez','19900630'),
        ('2596034233','Jesus Ojeda','20120229'),
        ('24992343998','Wilsen Hernandez','19910123'),
        ('24329634597','Daniel Contreras','19970321'),
        ('22726553452','Cesar Cordoba','19611118'),
        ('24442343588','Jose Briseño','19380509');

INSERT INTO Bank.Cuenta_Habiente(cedula,nombre)
  VALUES('24544357626','Freddy Duran'),
        ('24643434591','Manuel Araujo'),
        ('24343458936','William Cardenas'),
        ('24573134570','Carlos Poveda'),
        ('24971234573','Jose Colmenares'),
        ('24573345170','Luis Perera'),
        ('25095464561683','Christopher Siverio'),
        ('67567545464','Fernando Marquez'),
        ('22552342994','Cesar Nieves');


INSERT INTO Bank.Cuenta_Habiente(cedula,nombre,estado)
  VALUES('18462348303','Marbelis Nuñez','Bolivar'),
        ('21423484386','Marwil Campos','Guarico'),
        ('25234698580','Johnny Sanchez','Sucre'),
        ('24234420758','Manuel Lopes','Zulia'),
        ('2323546409213','Manuel Alvarado','Monagas'),
        ('2341632541785','Edison Briceño','Amazonas'),
        ('203634534582822','Kisbel Ochoa','Delta Amacuro'),
        ('243235467842','Luis Gigante','Cojedes'),
        ('7206537','Wilmer Campos','Aragua');

INSERT INTO Bank.Sucursal (nombre,estado,ciudad,direccion,apertura)
VALUES  ('Eget Odio Aliquam Foundation','NO','Lievin','8622 Auctor St.','2005-06-17T21:26:02-07:00'),
        ('Velit Limited','Tamil Nadu','Pudukkottai','3948 Dis Av.','2018-01-03T17:14:16-08:00'),
        ('Parturient LLP','Gelderland','Hattem','P.O. Box 679, 1638 Orci St.','2000-03-22T08:02:56-08:00'),
        ('Quis Urna Inc.','TX','San Antonio','844-453 Id Rd.','2002-05-23T14:52:27-07:00'),
        ('Non Bibendum Company','Sao Paulo','Maua','752-5824 Ligula. St.','2000-02-03T02:34:14-08:00'),
        ('Semper Limited','WP','Konin','Ap #218-7003 Felis. Av.','1999-12-03T04:10:27-08:00'),
        ('Sem Limited','Mazowieckie','Warszawa','Ap #793-1606 Pellentesque Street','2006-10-16T17:05:12-07:00'),
        ('Sed Eu Nibh LLP','West-Vlaanderen','Sint-Denijs','Ap #403-6507 Porttitor St.','2009-11-28T20:37:15-08:00'),
        ('Netus Et Malesuada LLP','CT','Bhilai','497-2798 Commodo Ave','2002-04-30T23:15:00-07:00'),
        ('Feugiat Metus Sit LLP','Ontario','Wilmont','211-3687 Et, Avenue','2010-02-28T13:59:44-08:00');

INSERT INTO Bank.Cuenta(numero,tipo,cliente,estado,ciudad,apertura)
  VALUES ('3086124737','Corriente','24918319','NO','Lievin','2004-02-03T16:16:50-08:00'),
          ('2733546956','Corriente','23423418595','NO','Lievin','1998-08-23T03:30:21-07:00'),
          ('8398864604','Corriente','23443797891878','Tamil Nadu','Pudukkottai','1993-11-20T19:42:07-08:00'),
          ('1110681691','Ahorro','24232498295','Tamil Nadu','Pudukkottai','2011-02-07T01:11:23-08:00'),
          ('9131997958','Corriente','2115344369','Gelderland','Hattem','2009-10-15T05:52:38-07:00'),
          ('1124306470','Ahorro','25425342087','Gelderland','Hattem','2006-07-21T19:15:27-07:00'),
          ('3618293325','Ahorro','2596034233','TX','San Antonio','2010-02-18T11:57:44-08:00'),
          ('1179466666','Ahorro','24992343998','TX','San Antonio','1994-08-24T10:54:33-07:00'),
          ('4276370499','Ahorro','24329634597','Sao Paulo','Maua','1998-10-11T09:00:19-07:00'),
          ('2182475947','Corriente','22726553452','Sao Paulo','Maua','1994-11-24T07:24:47-08:00'),
          ('9190458958','Ahorro','24442343588','WP','Konin','2002-10-29T15:41:22-08:00'),
          ('2153708152','Corriente','24544357626','WP','Konin','2006-06-02T02:04:17-07:00'),
          ('8841859204','Ahorro','24643434591','Mazowieckie','Warszawa','1994-08-08T02:25:03-07:00'),
          ('6021459563','Corriente','24343458936','Mazowieckie','Warszawa','2009-02-01T02:58:47-08:00'),
          ('7882567583','Corriente','24573134570','Mazowieckie','Warszawa','1999-07-25T08:24:38-07:00'),
          ('9821956995','Corriente','24971234573','West-Vlaanderen','Sint-Denijs','2003-09-03T20:24:32-07:00'),
          ('8106472445','Ahorro','24573345170','West-Vlaanderen','Sint-Denijs','2006-01-09T23:23:05-08:00'),
          ('8705615988','Corriente','25095464561683','West-Vlaanderen','Sint-Denijs','2005-10-02T20:27:24-07:00'),
          ('854474743','Ahorro','67567545464','West-Vlaanderen','Sint-Denijs','1997-04-24T21:33:24-07:00'),
          ('8494613030','Corriente','22552342994','West-Vlaanderen','Sint-Denijs','1995-01-09T02:22:57-08:00'),
          ('9440780798','Corriente','18462348303','CT','Bhilai','2011-12-28T02:16:02-08:00'),
          ('8583347471','Corriente','21423484386','CT','Bhilai','2015-11-16T09:47:31-08:00'),
          ('4136986718','Ahorro','25234698580','CT','Bhilai','2009-07-05T00:10:59-07:00'),
          ('901663769','Corriente','24234420758','CT','Bhilai','2007-07-12T14:59:12-07:00'),
          ('3207807242','Corriente','2323546409213','CT','Bhilai','2008-03-17T21:42:32-07:00'),
          ('9474751525','Ahorro','2341632541785','CT','Bhilai','2013-11-04T16:06:47-08:00'),
          ('1556715206','Corriente','203634534582822','Ontario','Wilmont','2015-01-14T09:41:10-08:00'),
          ('1671588923','Corriente','243235467842','Ontario','Wilmont','2010-03-07T07:07:09-08:00'),
          ('4445458250','Ahorro','203634534582822','Ontario','Wilmont','2015-07-23T10:36:08-07:00'),
          ('4477201700','Ahorro','243235467842','Ontario','Wilmont','2005-09-27T19:44:20-07:00'),
          ('4477201702','Ahorro','22402581','Ontario','Wilmont','2005-09-27T19:44:20-07:01'),
          ('4477201703','Ahorro','7206537','Ontario','Wilmont','2005-09-27T19:44:20-07:02');


INSERT INTO Bank.Deposito  (codigo,estado,ciudad,cuenta,monto,fecha)
VALUES  ('3987761433','NO','Lievin','1556715206',6260487157,'2000-02-25T04:32:14-08:00'),
        ('9355979994','NO','Lievin','8583347471',19736622460,'2005-01-28T16:45:11-08:00'),
        ('1345999217','NO','Lievin','3086124737',9807010646,'1998-05-21T05:29:43-07:00'),
        ('8939087498','NO','Lievin','8705615988',42502781469,'2013-12-13T07:11:39-08:00'),
        ('4300480894','NO','Lievin','9190458958',65385594032,'2002-09-16T00:59:22-07:00'),
        ('507394871','NO','Lievin','4136986718',78987088613,'2011-12-17T11:06:06-08:00'),
        ('4901678501','NO','Lievin','901663769',83718925202,'2003-07-13T03:28:48-07:00'),
        ('2958565745','NO','Lievin','4477201700',45535715483,'2015-08-25T20:27:13-07:00'),
        ('2126134312','NO','Lievin','4276370499',75346358306,'1997-12-05T23:30:53-08:00'),
        ('2067747032','Tamil Nadu','Pudukkottai','3086124737',81091843545,'2017-09-08T05:18:28-07:00'),
        ('4354551774','Tamil Nadu','Pudukkottai','8705615988',27161497995,'2000-02-03T04:02:02-08:00'),
        ('48027550','Tamil Nadu','Pudukkottai','8841859204',6363802449,'2007-04-22T21:03:21-07:00'),
        ('5478138513','Tamil Nadu','Pudukkottai','1671588923',67731665587,'2008-06-17T14:13:25-07:00'),
        ('6187443435','Tamil Nadu','Pudukkottai','6021459563',50899475300,'2017-11-11T23:53:13-08:00'),
        ('3172650546','Tamil Nadu','Pudukkottai','9474751525',10726862540,'2010-11-02T21:11:16-07:00'),
        ('3872318235','Tamil Nadu','Pudukkottai','1124306470',41720616677,'2005-08-07T07:56:35-07:00'),
        ('5988716729','Tamil Nadu','Pudukkottai','1556715206',2680445834,'2016-05-08T19:57:13-07:00'),
        ('100213428','Tamil Nadu','Pudukkottai','8106472445',90151692135,'2009-01-03T15:45:50-08:00'),
        ('9002416897','Tamil Nadu','Pudukkottai','1179466666',44615481467,'2003-12-17T06:49:11-08:00'),
        ('7909873533','Gelderland','Hattem','1124306470',70287015847,'2010-01-15T08:34:59-08:00'),
        ('9703111699','Gelderland','Hattem','854474743',76216112263,'1999-08-09T02:51:05-07:00'),
        ('8149574697','Gelderland','Hattem','8705615988',79233903484,'2003-06-16T22:21:31-07:00'),
        ('570676699','Gelderland','Hattem','4477201700',97932901093,'1999-02-26T17:34:22-08:00'),
        ('6054501114','Gelderland','Hattem','8398864604',90106635028,'2014-09-10T11:14:04-07:00'),
        ('8420921484','Gelderland','Hattem','1671588923',37358682462,'2007-11-17T07:02:37-08:00'),
        ('9492454701','Gelderland','Hattem','7882567583',38884698320,'2003-12-06T10:09:25-08:00'),
        ('5471464730','Gelderland','Hattem','901663769',57053780416,'2001-09-29T09:32:29-07:00'),
        ('3687442773','Gelderland','Hattem','1110681691',54300488950,'2002-04-18T14:29:30-07:00'),
        ('5198467201','Gelderland','Hattem','4276370499',32558960979,'2010-03-20T16:48:21-07:00'),
        ('5291165583','TX','San Antonio','8106472445',69106222130,'2016-03-21T18:16:48-07:00'),
        ('9657000778','TX','San Antonio','1556715206',37019285466,'2005-04-25T08:27:07-07:00'),
        ('3290655775','TX','San Antonio','9440780798',64918912714,'2001-03-24T13:38:25-08:00'),
        ('7365767140','TX','San Antonio','1110681691',25999905308,'2015-03-13T12:45:04-07:00'),
        ('1074126567','TX','San Antonio','3618293325',53838734002,'2014-08-02T08:32:34-07:00'),
        ('1307913935','TX','San Antonio','9474751525',53196261031,'2007-06-05T19:43:03-07:00'),
        ('8709781002','TX','San Antonio','2182475947',92595247831,'2007-02-12T00:06:55-08:00'),
        ('1913587343','TX','San Antonio','1124306470',1849544234,'1997-11-10T23:45:46-08:00'),
        ('2263883342','TX','San Antonio','3618293325',1269137812,'2011-05-27T12:32:07-07:00'),
        ('9824549122','TX','San Antonio','8494613030',49476649146,'2006-05-23T23:03:41-07:00'),
        ('4030908797','Sao Paulo','Maua','9190458958',85836931783,'2008-12-24T05:11:42-08:00'),
        ('2083553546','Sao Paulo','Maua','8494613030',67137295426,'2014-02-15T05:02:11-08:00'),
        ('5958461589','Sao Paulo','Maua','7882567583',82484678411,'2013-10-02T04:24:10-07:00'),
        ('3464149464','Sao Paulo','Maua','4136986718',9784561628,'1998-07-02T18:40:44-07:00'),
        ('1110022850','Sao Paulo','Maua','3207807242',82918835990,'2015-01-15T05:08:55-08:00'),
        ('870007043','Sao Paulo','Maua','6021459563',938559975,'1997-04-29T09:31:32-07:00'),
        ('3372416701','Sao Paulo','Maua','901663769',6192904338,'2004-04-06T22:08:09-07:00'),
        ('6211381992','Sao Paulo','Maua','8841859204',94443054078,'2000-08-09T15:40:24-07:00'),
        ('3092906139','WP','Konin','9190458958',30623598583,'2017-12-22T22:12:32-08:00'),
        ('7487214701','WP','Konin','9821956995',4395697126,'2004-12-02T01:23:52-08:00'),
        ('8136396002','WP','Konin','3207807242',72322063986,'2014-08-16T16:56:37-07:00'),
        ('6494237380','WP','Konin','854474743',67061082320,'2018-01-30T03:58:10-08:00'),
        ('7721265298','WP','Konin','4477201700',66072984645,'2016-09-11T19:03:49-07:00'),
        ('5271946662','WP','Konin','8106472445',29595183627,'1997-05-13T02:08:39-07:00'),
        ('8215615060','WP','Konin','1110681691',80605847574,'2015-11-30T22:47:34-08:00'),
        ('635946216','WP','Konin','901663769',78818160900,'2012-12-18T00:12:18-08:00'),
        ('6405015909','WP','Konin','8841859204',41818724758,'2009-09-12T10:47:52-07:00'),
        ('9817049815','WP','Konin','1124306470',21736650727,'2001-01-03T07:52:08-08:00'),
        ('4679749431','Mazowieckie','Warszawa','901663769',61868396727,'1999-10-27T04:44:48-07:00'),
        ('2920619156','Mazowieckie','Warszawa','2733546956',42567540518,'2009-06-14T11:37:06-07:00'),
        ('510851908','Mazowieckie','Warszawa','8106472445',6987745780,'1998-08-24T19:35:32-07:00'),
        ('1593675427','Mazowieckie','Warszawa','8705615988',95474975695,'2007-07-14T00:54:25-07:00'),
        ('3894782401','Mazowieckie','Warszawa','2733546956',6774920364,'2006-08-10T20:24:43-07:00'),
        ('8909942386','Mazowieckie','Warszawa','854474743',61822134116,'2001-03-10T00:00:53-08:00'),
        ('6503150290','Mazowieckie','Warszawa','4136986718',79549293406,'2011-06-16T06:10:42-07:00'),
        ('4737462303','Mazowieckie','Warszawa','1179466666',16814362909,'2003-01-04T16:57:12-08:00'),
        ('9092133641','Mazowieckie','Warszawa','1124306470',13968079024,'2005-10-18T02:45:30-07:00'),
        ('9092133642','Mazowieckie','Warszawa','4477201702',6,'2005-10-18T02:45:30-07:00'),
        ('9092133643','West-Vlaanderen','Sint-Denijs','4477201703',8,'2005-10-18T02:45:30-07:00');